Video ID,Playlist video creation timestamp
aolI_Rz0ZqY,2024-08-20T12:46:36+00:00
D2HurSldDkE,2024-08-20T12:49:50+00:00
wJUDhQ7s9HM,2024-08-20T12:50:13+00:00
oe20a1BWiSg,2024-08-20T12:50:25+00:00
O9xdqGnMi48,2024-08-20T12:52:36+00:00
ZaLSwhciSfs,2024-08-20T12:52:52+00:00
UtLyX72-688,2024-08-20T12:53:14+00:00
PRXa_B02YJ0,2024-08-20T12:55:51+00:00
z3T63v_qaWs,2024-08-20T12:57:27+00:00
DYgRqIeuwVQ,2024-08-20T15:45:11+00:00
hanrKW_q95Y,2024-12-02T19:07:06+00:00
fcWDlQWFbrQ,2024-12-15T15:18:16+00:00
TgvLflQpxEg,2025-01-08T13:36:31+00:00
42TsWdfhFHU,2025-02-12T15:47:41+00:00
Hjnco1gVtnU,2025-02-12T15:47:52+00:00
zI95yjzgjRs,2025-03-23T15:10:39+00:00





